نام برند,عنوان انگلیسی برند,عنوان در لینک,عنوان صفحه,توضیحات (Meta Desc),متن بالای صفحه,متن پایین صفحه,صفحه ایندکس شود؟
سی کلاس (کریتورز کلاس),Creators Class (C.Class),c-class,خرید نوشت افزار کریتورز کلاس (سی کلاس) | قیمت محصولات Creators Class,خرید آنلاین انواع نوشت‌افزار کریتورز کلاس (سی‌کلاس) شامل روان‌نویس‌های کاندید و مورنو، غلط‌گیرهای نواری و مدادهای نوکی از شرکت بنیان تحریر با ضمانت اصالت کالا.,<p>آفرینش خطوطی روان و ماندگار با نوشت‌افزار دیزاین‌محور کریتورز کلاس (سی کلاس - Creators Class). این برند اصیل ایرانی تحت مدیریت شرکت بنیان تحریر و با تکیه بر استانداردهای کیفی انستیتو طراحی Schepper Group آلمان، مجموعه‌ای متمایز از روان‌نویس‌های ژلی کاندید (Candid)، خودکارهای ارگونومیک سافت تاچ (Soft Touch) و مدادهای نوکی پیشرفته چیرمن (Chairman) را برای خلق ایده‌های شما روانه بازار می‌کند. ✍️</p>,"<h2>راهنمای جامع بررسی و خرید نوشت‌افزار کریتورز کلاس (سی کلاس)</h2>
<p>برند نام‌آشنای سی کلاس (C.Class) که امروزه با هدف ارائه محصولات مدرن، مینیمالیستی و سازگار با محیط زیست دست به ریبرندینگ زده و با نام تجاری کریتورز کلاس (Creators Class) شناخته می‌شود، زیرمجموعه هلدینگ صنعتی و بازرگانی «بنیان تحریر» است. شرکت بنیان تحریر از سال ۱۳۶۸ فعالیت خود را در بازار تحریر آغاز نمود و در سال ۱۳۷۹ به طور رسمی ثبت گردید و تولید سیستماتیک خود را از سال ۱۳۸۳ با نام تجاری سی کلاس راه‌اندازی کرد. این برند که در ابتدا با معرفی غلط‌گیرهای مایع قلمی به شهرت رسید، فرآیند بومی‌سازی تولیدات خود را از سال ۱۳۹۰ در قالب تولید مشترک آغاز نمود و امروزه با جابه‌جایی دفتر مرکزی خود به برج صبای قیطریه و به‌کارگیری بیش از ۲۰۰ تا ۵۰۰ نیروی متخصص، تمامی محصولات خود را تحت لیسانس مستقیم گروه پژوهش‌محور شپر (Schepper) آلمان و با تمرکز بر بومی‌سازی کامل کارخانه‌ای عرضه می‌کند.</p>

<h3>کاتالوگ تخصصی محصولات کریتورز کلاس (سی کلاس)</h3>
<p>سبد محصولات این برند شامل سه دسته‌بندی اصلی و کاربردی است:</p>

<h4>۱. ابزارهای نوشتاری و روان‌نویس‌ها</h4>
<ul>
<li><strong>روان‌نویس ژلی کاندید (Candid):</strong> دارای نوک ظریف ۰.۵ میلی‌متری، بدنه پلاستیکی شفاف با طراحی شیشه‌ای مینیمال جهت کنترل سطح جوهر ژل ممتاز، مجهز به فناوری خشک‌شدن سریع (Rapid Set).</li>
<li><strong>روان‌نویس ژلی مورنو (Moreno):</strong> دارای نوک ۰.۷ میلی‌متری، بدنه پلاستیکی سبک و نرم با روکش پلیمری ضدتعریق و جوهر ژل با غلظت بالای پیگمنت.</li>
<li><strong>خودکار ایزی آفیس (Easy Office - 110):</strong> خودکار معمولی با نوک ۱.۰ میلی‌متری و بدنه چندوجهی پلاستیکی جهت تسلط بر کاغذ، مجهز به جوهر با ویسکوزیته فوق‌العاده پایین (ULV) مناسب نگارش‌های اداری طولانی‌مدت.</li>
<li><strong>خودکار سافت تاچ (Soft Touch):</strong> دارای نوک ۰.۷ میلی‌متری و بدنه با بافت مخملی نرم جهت مهار لغزش انگشتان، با جوهر نیمه‌ژل روان بدون قطع جریان نوشتار.</li>
<li><strong>خودکار تریپل (Triple):</strong> خودکار ارگونومیک فوق‌سبک با وزن ناچیز ۶ گرم و بدنه پلاستیکی سه‌وجهی جهت کاهش تنش عضلانی ساعد.</li>
<li><strong>خودکار اداری ۹۹۹:</strong> خودکار با نوک ۰.۷ میلی‌متری، بدنه کلاسیک با مخزن جوهر با ظرفیت بالا و جوهر با فرمولاسیون غلیظ و بدون لکه.</li>
<li><strong>خودکار سلفی (Selfie):</strong> خودکار فانتزی با نوک ۰.۵ میلی‌متری، جوهر ژل روان در رنگ‌های متنوع و بدنه طرح‌دار جذاب.</li>
</ul>

<h4>۲. ابزارهای تصحیح و غلط‌گیرها</h4>
<ul>
<li><strong>غلط‌گیر مایع قلمی مدل AR1291:</strong> حجم ۱۲ میلی‌لیتر، با فرمولاسیون بر پایه حلال فاقد ترکیبات مخرب لایه اوزون (CFC Free) و بدنه نرم جهت کنترل مایع خروجی.</li>
<li><strong>غلط‌گیر مایع قلمی مدل AR1412:</strong> حجم ۱۲ میلی‌لیتر، دارای نوک فلزی دقیق با ساختار سوپاپی برای مهار نشت ناخواسته و پوشش‌دهی سریع خشک.</li>
<li><strong>غلط‌گیر قلمی مینی 1412M:</strong> طراحی بدنه مینیاتوری جیبی جهت اشغال حداقل فضا در جامدادی با لاک پوششی سریع خشک.</li>
<li><strong>غلط‌گیر نواری پلومیت (Plumate 5061):</strong> مجهز به نوک چرخشی متحرک با قابلیت دوران ۳۶۰ درجه جهت اصلاح زوایای مختلف و نوار تصحیح خشک با چسبندگی بالا.</li>
<li><strong>غلط‌گیر نواری اتودی بلومی (Bloomy):</strong> طول نوار ۵ متر و عرض ۵ میلی‌متر با نوار تصحیح پلیمری بسیار نازک، طراحی به سبک مداد نوکی با قابلیت شارژ مجدد توسط مغزی یدک.</li>
</ul>

<h4>۳. مدادهای مکانیکی و ابزارهای ترسیم هندسی</h4>
<ul>
<li><strong>مداد مکانیکی چیرمن (Chairman):</strong> اتود تمام‌اتوماتیک مجهز به مکانیزم خروج خودکار مغزی گرافیتی متناسب با سایش نوک (بدون نیاز به فشردن کلید فوقانی حین نگارش) با بدنه ترکیبی فلزی و پلاستیک مقاوم.</li>
<li><strong>اتود دسین (Dessin):</strong> نوشت‌افزار فوق‌العاده سبک با مقطع دایره‌ای مجهز به سیستم جاذب فشار داخلی جهت جلوگیری از شکستن ناگهانی مغزی.</li>
<li><strong>اتود اکسپرت (Expert):</strong> مداد مکانیکی تخصصی مهندسی با مقطع چندوجهی ارگونومیک ضدلغزش در ضخامت‌های ۰.۵، ۰.۷ و ۰.۹ میلی‌متری.</li>
<li><strong>مغزی‌های سری PL2815 و PL2915:</strong> مغزی‌های گرافیتی پلیمری در سایزهای ۰.۵ و ۰.۷ میلی‌متری با مقاومت کششی بالا.</li>
<li><strong>کیت‌های هندسی ریاضی (CS-313 و CS-313-M):</strong> مجموعه‌های کامل شامل پرگار فلزی مجهز به دکمه تنظیم بازو، گونیا، نقاله و خط‌کش در جعبه‌های فلزی ایمن (مدل M بهینه‌شده برای مغزی اتود).</li>
<li><strong>پرگار Creators Class CCTMC7 (Turtle):</strong> پرگار تخصصی با بدنه آلیاژی سنگین و چرخ‌دنده مرکزی قفل‌شونده جهت ثبات شعاع دایره حین چرخش.</li>
<li><strong>پرگارهای تکین سری M86 و P85 و خط‌کش‌های ژله‌ای نشکن:</strong> ابزارهای مهندسی با بازوهای تقویت‌شده و خط‌کش‌های منعطف فاقد لب‌پریدگی یا تیزی آسیب‌رسان.</li>
</ul>

<h3>ارزش‌های پیشنهادی متمایز و استانداردهای کیفی</h3>
<p>خرید نوشت‌افزار کریتورز کلاس سلامت مصرف‌کننده را تضمین می‌کند. تمامی ابزارها عاری از مواد سمی بوده، چسب‌های ماتیکی آن با پایه ایمن PVP فرموله شده و بدنه‌های پلاستیکی فاقد ترکیبات شیمیایی سرطان‌زای بیسفنول آ (BPA Free) هستند. همچنین محصولات غلط‌گیر کاملاً با لایه اوزون سازگار می‌باشند (CFC Free).</p>
<p>توجه داشته باشید که فرآیند انتقال برند از سی کلاس به کریتورز کلاس منجر به وجود استراتژی نام‌گذاری دوگانه (SEO Dualism) در فروشگاه‌های آنلاین شده است تا کاربران سنتی راحت‌تر کالاها را بیابند. همچنین به علت فرآیندهای تولید کارخانه‌ای، در برخی مدل‌ها نظیر اتودها، انتخاب دقیق رنگ بدنه امکان‌پذیر نبوده و ارسال رنگ به صورت تصادفی (Random Colour) انجام می‌پذیرد.</p>",بله
پنتر,Panter,panter,خرید محصولات آنتی باکتریال پنتر | قیمت لوازم تحریر Panter اصل,خرید آنلاین انواع نوشت‌افزار سلامت‌محور پنتر شامل خودکارهای آنتی‌باکتریال دکتر پنتر و خودکار SP101 با جوهر روان Ultra Glide و گواهی ثبت اختراع ملی.,<p>نوشتاری ایمن و بی‌نهایت روان با نوشت‌افزارهای تخصصی پنتر (Panter). این برند پیشگام تحت مالکیت شرکت عالی تحریر پارسیان، با تلفیق فناوری انحصاری نانو آنتی‌باکتریال و تکنولوژی روان‌ترین جوهر روز دنیا (Ultra Glide Ink) در خودکارهای دکتر پنتر (Dr. Panter) و مدل‌های SP101، سلامت و کارایی را به میز کار و تحصیل شما هدیه می‌دهد. 🦠🛡️</p>,"<h2>راهنمای بررسی و خرید نوشت‌افزار سلامت‌محور پنتر (Panter)</h2>
<p>برند ملی پنتر (Panter) تحت مالکیت رسمی «شرکت عالی تحریر پارسیان» و مدیریت کارآفرین نمونه کشور، جناب آقای دکتر مهرداد عالی‌پور هریسی، در سال ۱۳۹۱ پا به عرصه تولید نوشت‌افزار بومی نهاد. کارخانجات پنتر با انتقال دانش فنی تراز اول دنیا و برخورداری از خطوط مونتاژ اتوماتیک، یکی از کارآمدترین قطب‌های تولید لوازم تحریر در کشور هستند. این هلدینگ افتخارات متعددی نظیر تقدیرنامه تعالی سازمانی و تندیس ملی کارآفرینی برتر را از آن خود کرده است و عمده شهرت خود را مدیون ابداع محصولات سلامت‌محور و بهداشتی در صنف تحریر ایران است.</p>

<h3>فناوری انحصاری نانو آنتی‌باکتریال پنتر</h3>
<p>مهم‌ترین مشخصه متمایزکننده برند پنتر، تجهیز بدنه‌های پلاستیکی ابزارهای نگارش به مستربچ‌های حاوی نانوذرات فعال نقره است. این فناوری که با تخریب ساختار سلولی باکتری‌ها و عوامل واگیردار کار می‌کند، مانع از انتقال بیماری در اماکن عمومی و پرجمعیت نظیر مدارس، بانک‌ها و ادارات می‌شود. این ویژگی منحصربه‌فرد با مستندات قانونی و بهداشتی زیر تایید شده است:</p>
<ul>
<li><strong>گواهی ثبت اختراع ملی:</strong> به شماره ۰۳۴۴۶۷ الف/۸۹ در سال ۱۳۹۴ برای ساخت انواع خودکار، نوشت‌افزار و پاک‌کن‌های آنتی‌باکتریال.</li>
<li><strong>گواهی نانو مقیاس رسمی:</strong> صادره از ستاد ویژه توسعه فناوری نانو معاونت علمی و فناوری ریاست جمهوری به شماره ۲۲۵۳۹-۳۱۲ برای خودکار و ۲۴۸۵۸-۳۱۲ برای مستربچ‌های اولیه.</li>
<li><strong>تاییدیه انجمن متخصصین پوست ایران:</strong> به شماره ۱۰۶/۹۴ در سال ۱۳۹۵ جهت تضمین کامل عدم بروز حساسیت‌های پوستی و درماتیت در تماس مداوم.</li>
<li><strong>آزمایشگاه همکار سازمان استاندارد:</strong> مجهز به آزمایشگاه کنترل کیفیت دارای گواهینامه معتبر INSO-ISO/IEC 17025:2017.</li>
</ul>

<h3>کاتالوگ فنی محصولات پنتر در بازار</h3>
<p>سبد محصولات باکیفیت پنتر دسته‌بندی‌های زیر را پوشش می‌دهد:</p>

<h4>۱. خودکارها و روان‌نویس‌های تخصصی</h4>
<ul>
<li><strong>خودکار دکتر پنتر (Dr. Panter - کد DP-105):</strong> محبوب‌ترین خودکار نانوی بازار با قطر ساچمه ۰.۷ میلی‌متری و مجهز به جوهر انحصاری فوق‌روان Ultra Glide Ink بدون قطع جریان نوشتار.</li>
<li><strong>خودکار SP101:</strong> خودکار مقاوم با نوک ۱.۰ میلی‌متری مجهز به گریپ لاستیکی شیاردار ارگونومیک جهت پیشگیری از سر خوردن انگشتان حین نگارش طولانی‌مدت اداری.</li>
<li><strong>خودکارهای Semi-Gel:</strong> خودکار ترکیبی ژل-بال‌پوینت با نوک ۰.۷ میلی‌متری که غلظت بالای رنگ‌آمیزی ژل را با مکانیسم سریع‌خشک شدن جوهر ادغام می‌کند.</li>
</ul>

<h4>۲. ماژیک‌ها و ابزارهای علامت‌گذاری</h4>
<ul>
<li><strong>هایلایترهای پنتر:</strong> در دو سری رنگ‌های کلاسیک و پاستلی با نوک تخت نمدی کیفیت بالا.</li>
<li><strong>ماژیک وایت‌برد و پرمننت:</strong> مدل وایت‌برد با جوهر بدون بو و قابلیت پاک‌شدن بسیار آسان و مدل‌های دائمی (پرمننت) ضدآب جهت نشانه‌گذاری بر روی انواع سطوح.</li>
</ul>

<h4>۳. ابزارهای مدرسه، طراحی و ملزومات اداری</h4>
<ul>
<li><strong>مدادهای نوکی و مغزی اتود:</strong> طراحی بدنه کاملاً ارگونومیک به همراه مغزی‌های گرافیتی با درجات سختی 2B و HB منعطف و مقاوم در برابر خرد شدن.</li>
<li><strong>ابزار برش و اصلاح:</strong> قیچی‌های ارگونومیک مجهز به دسته‌های نرم و پلیمری منعطف جهت کاهش خستگی دست، و غلط‌گیرهای مایع و نواری با قدرت پوشش‌دهی بالا.</li>
<li><strong>چسب‌ها و پاک‌کن‌ها:</strong> پاک‌کن‌های ایمن بدون ترکیبات مضر PVC و چسب‌های ماتیکی با قابلیت بهداشتی آنتی‌باکتریال.</li>
</ul>

<h3>ارزش‌های کلیدی برند پنتر</h3>
<p>از مزایای کلیدی خرید لوازم تحریر پنتر می‌توان به سلامت‌محوری کامل محصولات (دارای گواهینامه معتبر باکتریوپاد)، ارگونومی بالای بدنه‌ها و تجربه نگارش کم‌نظیر جوهرهای Ultra Glide اشاره کرد. با این حال شایان ذکر است خودکارهای مجهز به فناوری Ultra Glide به علت دبی خروجی بالاتر جوهر جهت ایجاد نرمی استثنایی نگارش، نرخ مصرف جوهر بیشتری نسبت به خودکارهای معمولی دارند. همچنین تنوع رنگ بدنه در محصولاتی مانند مداد نوکی‌ها به صورت بسته‌بندی ترکیبی تامین شده و ارسال سفارشات به شکل رنگ‌بندی تصادفی صورت می‌گیرد.</p>",بله
وک,Woke,woke,خرید مداد رنگی و لوازم تحریر وک | لیست قیمت محصولات Woke اصل,خرید آنلاین انواع مدادرنگی چوب مشکی، پاستل روغنی، گواش و لوازم نقاشی برند وک (Woke) تحت لیسانس مارکو داکس اسپانیا با بهترین قیمت در زگال شمال.,<p>شکوفایی خلاقیت و هنر کودکان با محصولات ایمن و اقتصادی وک (Woke). این برند معتبر اروپایی با همکاری گروه تولیدی زگال شمال، تنوع بی‌نظیری از مدادرنگی‌های چوب مشکی ارگونومیک، پاستل‌های روغنی پررنگ و روان‌نویس‌های جیبی مینی ژل (Mini Gel) را با بالاترین استانداردهای بهداشتی جهان عرضه می‌کند. 🎨✏️</p>,"<h2>راهنمای کامل بررسی و خرید لوازم تحریر هنری وک (Woke)</h2>
<p>برند بین‌المللی وک (Woke) با اصالتی اروپایی، در سال ۱۹۹۵ توسط هلدینگ معتبر «مارکو داکس» (Marco Dax) در کشور اسپانیا پایه‌گذاری شد. هدف از خلق این برند، ارائه لوازم تحریر فانتزی، هنری و آموزشی با قیمت استثنایی و استانداردهای بهداشتی بالا بود. در راستای بومی‌سازی زنجیره تامین و ارائه محصولات با قیمت رقابتی به مصرف‌کننده ایرانی، امتیاز انحصاری تولید مشترک و تحت لیسانس وک در ایران به «گروه تولیدی زگال شمال» واگذار گردید. زگال شمال با در اختیار داشتن کارخانجات مدرن و پیشرفته نوشت‌افزار (از جمله کارخانه سابق استدلر ایران از سال ۱۳۸۶)، کیفیت ساخت محصولات وک را با نمونه‌های اصلی اروپایی همگام ساخته است.</p>

<h3>کاتالوگ محصولات فعال برند وک (Woke)</h3>
<p>محصولات وک عمدتاً برای گروه سنی خردسال، کودکان مهدکودکی و دانش‌آموزان ابتدایی طراحی شده و شامل دسته‌بندی‌های زیر است:</p>

<h4>۱. ابزارهای نقاشی، رنگ‌آمیزی و خلاقیت</h4>
<ul>
<li><strong>مدادرنگی‌های چوب مشکی و کلاسیک:</strong> ارائه شده در بسته‌بندی‌های متنوع از ۶ تا ۴۸ رنگ، تولیدشده با مغزی گرافیتی بسیار نرم و باکیفیت جهت پوشش یکنواخت رنگ روی کاغذ.</li>
<li><strong>پاستل‌های روغنی وک:</strong> دارای غلظت پیگمنت بسیار بالا، با قابلیت مخلوط شدن آسان رنگ‌ها بر روی کاغذ و بافت مومی نرم بدون ایجاد اصطکاک حین نقاشی.</li>
<li><strong>گواش‌های هنری و دانش‌آموزی:</strong> رنگ‌های پوشش‌دهنده باکیفیت و زنده بر پایه آب، بدون ایجاد ترک‌خوردگی روی سطح نقاشی.</li>
<li><strong>ماژیک‌های نقاشی سرگرد و سرتخت:</strong> مجهز به نوک نمدی پایدار و جوهر بر پایه آب جهت ترسیم خطوط ضخیم و پر کردن سطوح رنگ‌آمیزی.</li>
</ul>

<h4>۲. نوشت‌افزار روزمره و کاربردی</h4>
<ul>
<li><strong>روان‌نویس‌های مینی ژل (Mini Gel - مدل GP-1111B):</strong> روان‌نویس‌های فشرده و جیبی با نگارشی سریع خشک و رنگ‌های غنی.</li>
<li><strong>مدادهای سیاه گرافیتی و قرمز:</strong> مدادهای تحریر با مغزی با درجه سختی استاندارد HB، ایده آل برای تمرین نگارش نوآموزان دبستان.</li>
<li><strong>پاک‌کن‌های رنگی و غیرسمی پوستی:</strong> پاک‌کن‌های بسیار نرم با فرمولاسیون ایمن بدون آسیب به بافت کاغذ و فاقد هرگونه عامل حساسیت‌زای پوستی.</li>
</ul>

<h4>۳. ابزارهای تصحیح و بایگانی اداری</h4>
<ul>
<li><strong>غلط‌گیرهای نواری وک:</strong> نوار تصحیح با پهنای استاندارد و پوشش کامل جوهر با چسبندگی قوی روی کاغذ.</li>
<li><strong>چسب‌های ماتیکی وک:</strong> چسب کاغذ با کاربری تمیز و قدرت چسبندگی سریع بدون اثر رطوبت اضافی روی ورق.</li>
</ul>

<h3>استانداردهای بهداشتی، مشخصات فنی و ایمنی کودکان</h3>
<p>از آنجایی که مخاطب اصلی نوشت‌افزار وک کودکان هستند، این برند تعهد شدیدی به سلامت مصرف‌کننده دارد. کلیه ابزارهای نقاشی و نوشت‌افزار وک با پیگمنت‌های آلی طبیعی و کاملاً فاقد فلزات سنگین سمی نظیر سرب و کادمیوم منطبق بر استاندارد بهداشتی سخت‌گیرانه EN71/III اروپا تولید می‌شوند. همچنین مغزی مدادهای رنگی و تحریر وک مجهز به غلاف پلیمری محافظ است که مقاومت فیزیکی بالایی در برابر ضربه و سقوط ایجاد کرده و مانع خرد شدن مغزی حین تراشیدن می‌شود. سطح مقطع ارگونومیک شش‌ضلعی و سه‌وجهی بدنه مدادها نیز تسلط انگشتان را ارتقا داده و از تعریق و خستگی زودهنگام جلوگیری می‌کند.</p>
<p>قیمت اقتصادی محصولات وک در بازار ایران در کنار نرمی نگارش مدادهای گرافیتی و غلظت بالای رنگ‌دانه‌ها، ارزش خرید فوق‌العاده‌ای را برای مدارس و خانواده‌ها رقم زده است.</p>",بله
KMT,KMT,kmt,خرید تجهیزات اداری و ملزومات بایگانی KMT | قیمت منگنه و زونکن KMT,خرید آنلاین انواع ملزومات اداری و بایگانی برند KMT شامل منگنه‌های رومیزی راحت‌زن، منگنه انبری، پانچ کاغذ و زونکن‌های عطف 7.5 با ضمانت اصالت کالا.,<p>تجربه‌ای متفاوت از نظم و کارایی در محیط‌های اداری و سازمانی با تجهیزات سنگین اداری KMT. این برند تخصصی با عرضه منگنه‌های راحت‌زن ارگونومیک (Easy-Press)، زونکن‌های مقاوم با قفل‌های باکیفیت و ملزومات بایگانی با آلیاژ فلزی پیشرفته، دوام بالا و طراحی صنعتی پایدار را به سازمان‌ها و مدارس ارائه می‌دهد. 📂📎</p>,"<h2>راهنمای بررسی و خرید تجهیزات اداری و بایگانی KMT</h2>
<p>برند KMT (یا K.M.T) یک نشان تجاری ثبت‌شده و معتبر در صنف تحریر ایران است که به عنوان تامین‌کننده و واردکننده تخصصی ملزومات بایگانی مدرن، لوازم اداری رومیزی سنگین و نوشت‌افزار فانتزی دانش‌آموزی شناخته می‌شود. شایان ذکر است جهت شفاف‌سازی و ابهام‌زدایی ساختاری، این برند فاقد هرگونه ارتباط کاری با شرکت خسرو مدیسا طب (که در صنعت پزشکی فعال است) بوده و به عنوان نشان کاملاً مستقل در بازار لوازم اداری فعالیت می‌کند. محصولات KMT با طراحی مینیمال صنعتی و استفاده از متریال با مقاومت فیزیکی بالا، گزینه‌ای محبوب در خریدهای عمده سازمانی و دولتی در بازار ایران هستند.</p>

<h3>کاتالوگ جامع محصولات اداری و دفتری KMT</h3>
<p>سبد محصولات KMT طیف وسیعی از ملزومات میز کار و بایگانی اداری را پوشش می‌دهد:</p>

<h4>۱. دستگاه‌های منگنه تخصصی و راحت‌زن</h4>
<ul>
<li><strong>منگنه رومیزی KMT 5078:</strong> با قابلیت دوخت همزمان تا ۲۰ برگ کاغذ، سایز سوزن سازگار ۲۴/۶ و ۲۶/۶، مجهز به شاسی داخلی فولادی تقویت‌شده و بدنه پلیمری ضربه‌گیر ضد خش.</li>
<li><strong>منگنه راحت‌زن KMT 5010:</strong> دستگاه منگنه با ظرفیت متغیر، مجهز به مکانیزم اهرمی نرم‌کارکرد جهت کاهش چشمگیر نیروی وارده حین کاربری مداوم در دبیرخانه‌ها.</li>
<li><strong>منگنه انبری KMT 5229:</strong> دستگاه تمام‌فلزی فورج‌شده ضد زنگ با آبکاری کروم متالیک در ابعاد استاندارد و دهانه عمیق برای کاربری‌های سنگین.</li>
<li><strong>منگنه اقتصادی KMT 5164:</strong> با ظرفیت دوخت ۲ الی ۲۰ برگ، دهانه عمق ۷۵ میلی‌متر و مجهز به سیستم منگنه کش یکپارچه در بخش عقبی دستگاه.</li>
<li><strong>منگنه مینی KMT 5146:</strong> منگنه فشرده با سوزن ریز، مجهز به قفل خشاب فولادی ایمن جهت حمل در کیف‌های مدیریتی پرتابل.</li>
</ul>

<h4>۲. دستگاه پانچ و زونکن‌های بایگانی اداری</h4>
<ul>
<li><strong>پانچ کاغذ KMT:</strong> سوراخ‌کاری بسیار دقیق و آسان برگه‌ها جهت بایگانی منظم، مجهز به خط‌کش تراز پلاستیکی جهت تنظیم دقیق ابعاد کاغذ و کفی ضدلغزش پلیمری.</li>
<li><strong>زونکن‌های بایگانی KMT Binders:</strong> زونکن ابعاد A4 با عطف استاندارد ۷.۵ سانتی‌متری، مجهز به قفل فلزی ضد هرز شدن و لبه‌های فلزی تقویت‌شده در پایین زونکن جهت جلوگیری از فرسایش و پارگی مقوا در کمدها.</li>
</ul>

<h4>۳. نوشت‌افزار فانتزی و تحصیلی</h4>
<ul>
<li><strong>مدادهای مشکی نئون KMT Neon Pencils:</strong> مداد گرافیتی با مقطع گرد ارگونومیک، مجهز به مغزی بسیار نرم و رنگ‌های بدنه فسفری خیره‌کننده به همراه پاک‌کن سرخود.</li>
<li><strong>مدادرنگی سه‌گوش KMT:</strong> در تنوع ۱۲، ۲۴ و ۴۸ رنگ با بدنه مثلثی ارگونومیک، همراه با بسته‌بندی‌های کشویی فلزی یا مقوایی مقاوم جهت مهار ضربات وارده درون کیف مدرسه.</li>
</ul>

<h3>مزیت‌ها و ویژگی‌های متمایز قطعات KMT</h3>
<p>محوری‌ترین ارزش پیشنهادی KMT در ملزومات اداری، استفاده از فولاد ضدسایش در قطعات متحرک فلزی منگنه‌ها و پانچ‌هاست که ریسک گیر کردن سوزن یا دفرمه شدن اهرم‌ها را در درازمدت مهار می‌کند. شرکت KMT با ارائه ضمانت اصالت کالا و خدمات پایش فیزیکی پیش از تحویل، جایگاهی پایدار در خریدهای سازمانی به دست آورده است. لطفا توجه داشته باشید که مدادرنگی‌ها و مدادهای نئونی در تنوع رنگ بدنه به صورت تصادفی توسط زنجیره انبارداری ارسال می‌گردند.</p>",بله
آریا,Arya,arya,خرید محصولات آریا | قیمت خمیر بازی و گواش آریا اصل,خرید آنلاین انواع خمیر بازی، گواش، مداد شمعی و لوازم خلاقیت کودکان برند آریا (نقش تندیس آریا) دارای استاندارد CE اروپا و سیب سلامت وزارت بهداشت.,<p>پرورش خلاقیت و مهارت‌های ذهنی کودکان با محصولات بهداشتی و آموزشی آریا (Arya). این گروه بزرگ صنعتی با تکیه بر ۶ دهه تجربه و تولید خمیرهای بازی با پایه کاملاً گیاهی و خوراکی (Food-Grade) و گواش‌های دانش‌آموزی با قابلیت شست‌وشوی کامل، محیطی شاد، ایمن و پویا را برای آفرینش هنری فرزندان شما فراهم می‌آورد. 🎨👶</p>,"<h2>راهنمای جامع بررسی و خرید بازی‌های آموزشی و لوازم هنری آریا (Arya)</h2>
<p>شرکت «نقش تندیس آریا» بزرگ‌ترین و معتبرترین هلدینگ تولید محصولات خلاقیت، اسباب‌بازی‌های کمک‌آموزشی و رنگ‌های هنری کودکان در ایران است. ریشه‌های صنعتی این برند اصیل به سال ۱۳۴۰ خورشیدی و تولید اولین خمیرهای بازی بهداشتی در کشور بازمی‌گردد. ثبت رسمی هویت حقوقی نوین شرکت در تاریخ ۱۳۷۹/۱۱/۰۶ نهایی گردید و توسعه کارخانجات آن شتاب گرفت. این گروه صنعتی فعال با مدیریت خانواده برخدا (به ویژه سعید برخدا به عنوان مدیرعامل) و اداره مستمر سه برادر، هم‌اکنون بالغ بر ۴۵۰ نیروی انسانی متخصص را در ۳ کارخانه پیشرفته و مستقل در مناطق رباط کریم و شهرک صنعتی نصیرآباد هدایت می‌کند.</p>

<h3>گواهینامه‌ها و استانداردهای رسمی سلامت آریا</h3>
<p>محصولات آریا بر پایه سخت‌گیرانه‌ترین استانداردهای بین‌المللی پایش بهداشت کودک تولید می‌شوند و دارای مدارک معتبر زیر هستند:</p>
<ul>
<li><strong>نشان سیب سلامت:</strong> صادرشده از سوی سازمان غذا و داروی وزارت بهداشت، درمان و آموزش پزشکی ایران.</li>
<li><strong>گواهی ایمنی اروپا (CE):</strong> جهت صادرات رسمی به کشورهای اتحادیه اروپا و خاورمیانه.</li>
<li><strong>استاندارد بین‌المللی مدیریت کیفیت و پایش مشتری:</strong> دارنده استاندارد ISO 10002:2014.</li>
<li><strong>عضویت در شرکت‌های خلاق و دانش‌بنیان:</strong> تاییدشده از سوی معاونت علمی، فناوری و اقتصاد دانش‌بنیان ریاست جمهوری.</li>
</ul>

<h3>کاتالوگ تخصصی محصولات آموزشی و هنری آریا</h3>
<p>محصولات آریا برای ارتقای هوش فضایی و مهارت‌های دست‌ورزی دانش‌آموزان در گروه‌های زیر دسته‌بندی می‌شوند:</p>

<h4>۱. خمیرهای بازی بهداشتی (Play Dough)</h4>
<ul>
<li><strong>خمیر بازی سطلی آریا:</strong> پک‌های سطلی دسته‌دار بزرگ در تنوع ۵، ۶، ۱۰ و ۱۵ رنگ همراه با ابزارهای شکل‌دهی کامل نظیر شابلون‌ها، غلتک پلاستیکی، قیچی مهار شده، کاردک و سفره نایلونی.</li>
<li><strong>خمیر بازی مقوایی (کارتی):</strong> بسته‌بندی‌های تخت مقوایی ۶، ۷، ۱۰ و ۱۲ رنگ مجهز به لوح فشرده آموزشی و نقشه راهنمای ترکیب رنگ‌ها جهت ساخت طیف‌های جدید بصری.</li>
</ul>

<h4>۲. رنگ‌های هنری و نقاشی کودک</h4>
<ul>
<li><strong>گواش‌های دانش‌آموزی آریا:</strong> رنگ‌های غلیظ پوشش‌دهنده در بسته‌های ۶ و ۱۲ رنگ، با قابلیت شست‌وشوی کامل از روی لباس کودکان بدون بر جای گذاشتن لکه رنگی.</li>
<li><strong>رنگ انگشتی و آبرنگ قرصی:</strong> آبرنگ‌های پالت‌دار به همراه قلم‌مو اختصاصی، و رنگ‌های انگشتی بهداشتی مناسب برای رشد مهارت‌های لمسی کودکان پیش‌دبستانی.</li>
<li><strong>مداد شمعی و پاستل نقاشی:</strong> مداد شمعی‌های ارگونومیک با حرکت بسیار روان بر روی کاغذ بدون ایجاد گرد و خاک حاصل از شکستگی.</li>
</ul>

<h4>۳. مدادها، گل سفالگری و کیت‌های آموزشی</h4>
<ul>
<li><strong>مدادرنگی‌های شش‌ضلعی آریا:</strong> مدل‌های معروفی نظیر سری ۳۰۱۶ و ۳۰۲۳ (مدادرنگی ۳۶ رنگ در جعبه فلزی بادوام به همراه ۳ مداد اشانتیون) با نوک استاندارد ۲.۹ میلی‌متری و درجه سختی HB.</li>
<li><strong>گل سفالگری بهداشتی:</strong> گل رس طبیعی کاملاً میکروب‌زدایی و تصفیه‌شده علمی جهت آموزش‌های سفالگری و حجم‌سازی کلاسی.</li>
<li><strong>کیت‌های ساختنی و ابزارهای کمکی شکل‌دهی:</strong> شامل پازل‌ها، لگوهای آموزشی، وردنه‌ها، کاردک‌های پلاستیکی منعطف و قیف‌های فشاری شکل‌دهی چندطرحه.</li>
</ul>

<h3>ارزش‌های پیشنهادی متمایز و مشخصات فنی فرمولاسیون آریا</h3>
<p>خمیرهای بازی آریا با فرمولاسیون ویژه‌ای بر پایه واکس طبیعی، موم، پارافین و رنگدانه‌های مجاز خوراکی فودگرید (Food-Grade) تولید می‌شوند؛ به طوری که در صورت بلع تصادفی فاقد هرگونه اثر سمی خواهند بود. این خمیرها چسبندگی نامطلوبی به دست‌ها یا پرز فرش ایجاد نمی‌کنند و خاصیت عدم خشک‌شدن سریع در مجاورت هوای آزاد را برای طولانی‌مدت حفظ می‌نمایند. همچنین جهت حمایت از کودکان مبتلا به بیماری سلیاک، آریا لاین خمیرهای بازی فاقد گلوتن را برای استفاده ایمن در مهدکودک‌ها توسعه داده است. قیمت تمام‌شده فوق‌العاده اقتصادی در مقایسه با نمونه‌های خارجی نظیر پلی‌دو (Play-Doh) و شست‌وشوی آسان گواش‌ها بدون بروز درماتیت و خارش پوستی، خرید محصولات آریا را در صدر اولویت مربیان و والدین قرار داده است. توجه داشته باشید به دلیل فصلی بودن مصرف لوازم تحریر، کلمات کلیدی خمیر بازی و گواش آریا در فصول بازگشایی مدارس بیشترین روندهای جستجو را به خود اختصاص می‌دهند.</p>",بله
